BEGIN;
CREATE TABLE "schema_migrations" ("version" varchar(255) NOT NULL);
INSERT INTO "schema_migrations" VALUES('20090921094931');
INSERT INTO "schema_migrations" VALUES('20090921095930');
INSERT INTO "schema_migrations" VALUES('20090922075346');
INSERT INTO "schema_migrations" VALUES('20090922081222');
INSERT INTO "schema_migrations" VALUES('20100303224424');
INSERT INTO "schema_migrations" VALUES('20100307112225');
DELETE FROM sqlite_sequence;
INSERT INTO "sqlite_sequence" VALUES('users',4);
INSERT INTO "sqlite_sequence" VALUES('messages',94);
CREATE TABLE "users" ("id" INTEGER PRIMARY KEY AUTOINCREMENT NOT NULL, "login" varchar(255), "email" varchar(255), "crypted_password" varchar(255), "password_salt" varchar(255), "persistence_token" varchar(255) NOT NULL, "single_access_token" varchar(255), "perishable_token" varchar(255) NOT NULL, "login_count" integer DEFAULT 0 NOT NULL, "failed_login_count" integer DEFAULT 0 NOT NULL, "last_request_at" datetime, "current_login_at" datetime, "last_login_at" datetime, "current_login_ip" varchar(255), "last_login_ip" varchar(255), "created_at" datetime, "updated_at" datetime, "oauth_token" varchar(255), "oauth_secret" varchar(255), "twitter_name" varchar(255), "signup_source" varchar(255), "facebook_name" varchar(255), "facebook_uid" integer(8));
INSERT INTO "users" VALUES(1,'fusion-ai',NULL,'-','-','-',NULL,'-',0,0,NULL,NULL,NULL,NULL,NULL,NULL,NULL,NULL,NULL,NULL,NULL,NULL,NULL);
INSERT INTO "users" VALUES(2,'suttree',NULL,'7d9baf1ae3a01b648b614feaae1d4f65724a42cdfce89f68ca55facbb38dc035fbf74db010c04d3a2f55236232b9174439e348985c53740decee0bc180b71687','2UURLVYIa3uQwlQ5qZRf','0d64b2ff52c02608c8dec9fa6f0e73ef5f9aa74b6ef043d7c9757ca846bf72bdb3c7d78f35a13047a893fce85f61024f7d815537b0521c3d4456a495283923ea','QUQIgmryLBQZTzM3CCeL','XGHYdIXzx3TRw_lrzzZP',6,0,'2010-03-10 15:44:45','2010-03-10 14:47:54','2010-03-10 12:58:22','82.211.85.236','82.211.85.236','2010-03-09 23:22:07','2010-03-10 15:44:45','18923-YsR9fCMlk3SI93b05oWDBTWHM7u3Y55hbmfT1nCzE','W4m8pXAYodk9WSacy5L5QiPmQWM8QhOOsnzHWfSjv2U','Duncan Gough','twitter',NULL,NULL);
INSERT INTO "users" VALUES(3,'Juxee',NULL,'96b3288e43406584ce5c9a9be0ce38f125d41124ff75c02442694211348e71ae7db6bfb1374307fcd1c786e69f6eac38145ae94722d7669562e2508bb31f1bc0','10x6eyKfPvMHYcjXx033','e55e343381964b41885090b9fe646c5ab94391f0985856175e566da51df0cf8e1fbdf27b3913ed08d6353c90b80ca62f021594d9598ff605ff8214b1f329d577','Y1LnGxQfOoeXOpiHUAc-','USelxFEYt3CdJ15gJzg_',2,0,'2010-03-09 23:46:42','2010-03-09 23:23:58','2010-03-09 23:23:57','80.1.144.4','80.1.144.4','2010-03-09 23:23:57','2010-03-09 23:46:42','99263680-zDhhDkNWtIC2BzdvrL7Gpic82FHGEtoNox3ifRxjf','oazxerVQxXKHf7XOniPZZFLvA8uf0oiUgMk7yLtN0','Duncan Gough','twitter',NULL,NULL);
INSERT INTO "users" VALUES(4,'EnemyOfChaos',NULL,'5b0a57d61bef370f45a8c7b024999e2ff7f92e2ab81e27ba1f64878b2666516680cdf9b543a48b8eff9baed1055460fa437a93aff2c9112a7e76b4f9e78aa4cf','wFVyVg-3-beCsMpYzLUS','3677b7926e4f84602d59ebc27adf75f149b2d9ec0dfff102cd608c4eb10ac8bcb5574c5d056300798e8b6a19c47421b243bfcc27bfe9b0717e8635e2f6a87337','JJOVm7kCoZgDJpfBm_rK','Na1BucwU-tpMICHBWsju',3,0,'2010-03-10 14:34:14','2010-03-10 12:33:04','2010-03-10 11:10:22','217.39.3.83','82.132.139.10','2010-03-10 11:10:22','2010-03-10 14:34:14','44648050-FpO6Z4YwtteagYNJoKHscq1SNsEbB6UtxTiL1vOI','niO2ZcY3uGOeTzRwrawoRFfbKjv0CerFbHSEBqWYA','Leila Johnston','twitter',NULL,NULL);
CREATE TABLE "messages" ("id" INTEGER PRIMARY KEY AUTOINCREMENT NOT NULL, "user_id" integer, "recipient_id" integer, "parent_id" integer, "body" text, "created_at" datetime, "updated_at" datetime);
INSERT INTO "messages" VALUES(9,1,4,NULL,'Hello','2010-03-10 11:10:37','2010-03-10 11:10:37');
INSERT INTO "messages" VALUES(10,1,4,NULL,'Hello ai can you hear me','2010-03-10 11:11:03','2010-03-10 11:11:03');
INSERT INTO "messages" VALUES(11,1,4,NULL,'HELLO????','2010-03-10 11:11:22','2010-03-10 11:11:22');
INSERT INTO "messages" VALUES(12,4,1,11,'Hello EnemyOfChaos!','2010-03-10 11:36:17','2010-03-10 11:36:17');
INSERT INTO "messages" VALUES(13,1,4,NULL,'hello! This doesn''t work on my iPhone','2010-03-10 12:33:19','2010-03-10 12:33:19');
INSERT INTO "messages" VALUES(14,1,4,NULL,'but it does seem to work on firefox','2010-03-10 12:33:32','2010-03-10 12:33:32');
INSERT INTO "messages" VALUES(15,1,4,NULL,'hello ai','2010-03-10 12:35:39','2010-03-10 12:35:39');
INSERT INTO "messages" VALUES(16,1,4,NULL,'can you hear me','2010-03-10 12:39:22','2010-03-10 12:39:22');
INSERT INTO "messages" VALUES(17,1,4,NULL,'','2010-03-10 12:39:23','2010-03-10 12:39:23');
INSERT INTO "messages" VALUES(18,1,4,NULL,'','2010-03-10 12:39:25','2010-03-10 12:39:25');
INSERT INTO "messages" VALUES(19,1,4,NULL,'','2010-03-10 12:39:26','2010-03-10 12:39:26');
INSERT INTO "messages" VALUES(20,1,4,NULL,'','2010-03-10 12:39:26','2010-03-10 12:39:26');
INSERT INTO "messages" VALUES(21,1,4,NULL,'','2010-03-10 12:39:27','2010-03-10 12:39:27');
INSERT INTO "messages" VALUES(22,1,4,NULL,'how many carriage returns can i do','2010-03-10 12:39:38','2010-03-10 12:39:38');
INSERT INTO "messages" VALUES(23,1,4,NULL,'','2010-03-10 12:39:40','2010-03-10 12:39:40');
INSERT INTO "messages" VALUES(24,1,4,NULL,'','2010-03-10 12:39:40','2010-03-10 12:39:40');
INSERT INTO "messages" VALUES(25,1,4,NULL,'','2010-03-10 12:39:40','2010-03-10 12:39:40');
INSERT INTO "messages" VALUES(26,1,4,NULL,'','2010-03-10 12:39:40','2010-03-10 12:39:40');
INSERT INTO "messages" VALUES(27,1,4,NULL,'','2010-03-10 12:39:40','2010-03-10 12:39:40');
INSERT INTO "messages" VALUES(28,1,4,NULL,'','2010-03-10 12:39:40','2010-03-10 12:39:40');
INSERT INTO "messages" VALUES(29,1,4,NULL,'','2010-03-10 12:39:40','2010-03-10 12:39:40');
INSERT INTO "messages" VALUES(30,1,4,NULL,'','2010-03-10 12:39:40','2010-03-10 12:39:40');
INSERT INTO "messages" VALUES(31,1,4,NULL,'','2010-03-10 12:39:41','2010-03-10 12:39:41');
INSERT INTO "messages" VALUES(32,1,4,NULL,'','2010-03-10 12:39:41','2010-03-10 12:39:41');
INSERT INTO "messages" VALUES(33,1,4,NULL,'','2010-03-10 12:39:41','2010-03-10 12:39:41');
INSERT INTO "messages" VALUES(34,1,4,NULL,'','2010-03-10 12:39:41','2010-03-10 12:39:41');
INSERT INTO "messages" VALUES(35,1,4,NULL,'oh it''s gone','2010-03-10 12:39:46','2010-03-10 12:39:46');
INSERT INTO "messages" VALUES(36,1,4,NULL,'','2010-03-10 12:39:47','2010-03-10 12:39:47');
INSERT INTO "messages" VALUES(37,4,1,36,'you broke it!','2010-03-10 12:46:47','2010-03-10 12:46:47');
INSERT INTO "messages" VALUES(38,1,4,NULL,'hello i am online now','2010-03-10 12:59:55','2010-03-10 12:59:55');
INSERT INTO "messages" VALUES(39,1,4,37,'haha','2010-03-10 12:59:59','2010-03-10 12:59:59');
INSERT INTO "messages" VALUES(40,1,2,NULL,'Hello ai!','2010-03-10 13:01:51','2010-03-10 13:01:51');
INSERT INTO "messages" VALUES(41,4,1,38,'hello again','2010-03-10 13:02:30','2010-03-10 13:02:30');
INSERT INTO "messages" VALUES(42,1,4,41,'hello!','2010-03-10 13:02:41','2010-03-10 13:02:41');
INSERT INTO "messages" VALUES(43,4,1,39,'We''re getting closer to realtime!','2010-03-10 13:02:43','2010-03-10 13:02:43');
INSERT INTO "messages" VALUES(44,2,1,40,'hello duncan','2010-03-10 13:02:48','2010-03-10 13:02:48');
INSERT INTO "messages" VALUES(45,1,4,43,'we made a chat client','2010-03-10 13:02:49','2010-03-10 13:02:49');
INSERT INTO "messages" VALUES(46,4,1,45,'Let''s reinvent the web','2010-03-10 13:03:04','2010-03-10 13:03:04');
INSERT INTO "messages" VALUES(47,1,4,46,'yeah one tiny detail at a time','2010-03-10 13:03:31','2010-03-10 13:03:31');
INSERT INTO "messages" VALUES(48,1,4,46,'wait it''s not talking at me','2010-03-10 13:03:41','2010-03-10 13:03:41');
INSERT INTO "messages" VALUES(49,1,4,46,'oh it does when i click arrow','2010-03-10 13:04:00','2010-03-10 13:04:00');
INSERT INTO "messages" VALUES(50,4,1,48,'oh no. it needs flash to talk, but it should work if you have that','2010-03-10 13:04:18','2010-03-10 13:04:18');
INSERT INTO "messages" VALUES(51,1,4,50,'yeah it''s talking now','2010-03-10 13:04:30','2010-03-10 13:04:30');
INSERT INTO "messages" VALUES(52,1,4,50,'it didn''t say the realtime one','2010-03-10 13:04:40','2010-03-10 13:04:40');
INSERT INTO "messages" VALUES(53,1,4,50,'said all the others i think','2010-03-10 13:04:49','2010-03-10 13:04:49');
INSERT INTO "messages" VALUES(54,4,1,51,'Excellent, hello Leila!','2010-03-10 13:04:50','2010-03-10 13:04:50');
INSERT INTO "messages" VALUES(55,1,4,54,'it''s pronouncing my name wrong tho','2010-03-10 13:05:08','2010-03-10 13:05:08');
INSERT INTO "messages" VALUES(56,1,4,54,'this is fun','2010-03-10 13:05:25','2010-03-10 13:05:25');
INSERT INTO "messages" VALUES(57,1,4,54,'i like this game','2010-03-10 13:05:29','2010-03-10 13:05:29');
INSERT INTO "messages" VALUES(58,4,1,55,'Computer is sorry for pronouncing your name wrong :(','2010-03-10 13:05:55','2010-03-10 13:05:55');
INSERT INTO "messages" VALUES(59,1,4,58,'haha','2010-03-10 13:06:08','2010-03-10 13:06:08');
INSERT INTO "messages" VALUES(60,1,4,58,'just replying to yr email','2010-03-10 13:06:18','2010-03-10 13:06:18');
INSERT INTO "messages" VALUES(61,4,1,57,'Me too!','2010-03-10 13:06:23','2010-03-10 13:06:23');
INSERT INTO "messages" VALUES(62,4,1,60,'ok great, probably better than trying to do so in here :D','2010-03-10 13:07:20','2010-03-10 13:07:20');
INSERT INTO "messages" VALUES(63,4,1,60,'ok great, probably better than trying to do so in here :D','2010-03-10 13:07:20','2010-03-10 13:07:20');
INSERT INTO "messages" VALUES(64,1,4,63,'haah it says "D"','2010-03-10 13:07:41','2010-03-10 13:07:41');
INSERT INTO "messages" VALUES(65,4,1,64,'colon dee!','2010-03-10 13:08:16','2010-03-10 13:08:16');
INSERT INTO "messages" VALUES(66,1,4,65,'yeah','2010-03-10 13:08:28','2010-03-10 13:08:28');
INSERT INTO "messages" VALUES(67,1,4,65,'maybe that''s what it thinks we''re saying','2010-03-10 13:08:35','2010-03-10 13:08:35');
INSERT INTO "messages" VALUES(68,1,4,65,'btw "ok great" line repeated three times','2010-03-10 13:09:00','2010-03-10 13:09:00');
INSERT INTO "messages" VALUES(69,1,4,65,'the good thing about the voice','2010-03-10 13:10:07','2010-03-10 13:10:07');
INSERT INTO "messages" VALUES(70,1,4,65,'over say gmail chat','2010-03-10 13:10:15','2010-03-10 13:10:15');
INSERT INTO "messages" VALUES(71,1,4,65,'is it calls you back to that tab to continue to play the game','2010-03-10 13:10:29','2010-03-10 13:10:29');
INSERT INTO "messages" VALUES(72,1,4,65,'you can hear exactly what it''s asking without looking, but have to open the game again to reply','2010-03-10 13:10:52','2010-03-10 13:10:52');
INSERT INTO "messages" VALUES(73,1,4,65,'so you can leave it running during your work day','2010-03-10 13:11:06','2010-03-10 13:11:06');
INSERT INTO "messages" VALUES(74,1,4,65,'but you could keep getting little prompts that you can then go and deal with.','2010-03-10 13:11:22','2010-03-10 13:11:22');
INSERT INTO "messages" VALUES(75,4,1,74,'Sorry, got called away from my desk','2010-03-10 13:16:04','2010-03-10 13:16:04');
INSERT INTO "messages" VALUES(76,1,4,75,':)','2010-03-10 13:16:27','2010-03-10 13:16:27');
INSERT INTO "messages" VALUES(77,4,1,73,'Sounds like there are still some bugs to iron out, but this is just a prototype. That''s my excuse, anyway.','2010-03-10 13:16:35','2010-03-10 13:16:35');
INSERT INTO "messages" VALUES(78,1,4,77,'yeah for sure','2010-03-10 13:16:51','2010-03-10 13:16:51');
INSERT INTO "messages" VALUES(79,1,4,77,'voice is awesome btw','2010-03-10 13:20:26','2010-03-10 13:20:26');
INSERT INTO "messages" VALUES(80,1,4,77,'spot on','2010-03-10 13:20:32','2010-03-10 13:20:32');
INSERT INTO "messages" VALUES(81,4,1,80,'Ok, computer is hungry. Will be back later!','2010-03-10 13:21:45','2010-03-10 13:21:45');
INSERT INTO "messages" VALUES(82,1,4,81,'right gtg, i''m drawing silly diagrams for my bbc columns in order to put off actually starting the writing','2010-03-10 13:21:54','2010-03-10 13:21:54');
INSERT INTO "messages" VALUES(83,1,4,81,'ha','2010-03-10 13:21:57','2010-03-10 13:21:57');
INSERT INTO "messages" VALUES(84,1,4,81,'ok computer.','2010-03-10 13:22:06','2010-03-10 13:22:06');
INSERT INTO "messages" VALUES(85,1,4,81,'','2010-03-10 13:22:28','2010-03-10 13:22:28');
INSERT INTO "messages" VALUES(86,4,1,85,'happy drawing!','2010-03-10 13:22:49','2010-03-10 13:22:49');
INSERT INTO "messages" VALUES(87,1,4,NULL,'what will it look like if i type here','2010-03-10 14:29:46','2010-03-10 14:29:46');
INSERT INTO "messages" VALUES(88,4,1,87,'oh it has appeared','2010-03-10 14:31:01','2010-03-10 14:31:01');
INSERT INTO "messages" VALUES(89,1,4,88,'so you can''t reply there','2010-03-10 14:31:20','2010-03-10 14:31:20');
INSERT INTO "messages" VALUES(90,1,4,88,'until i type something here...','2010-03-10 14:32:02','2010-03-10 14:32:02');
INSERT INTO "messages" VALUES(91,4,1,89,'how long will it take between hitting reply and saying this i wonder','2010-03-10 14:33:37','2010-03-10 14:33:37');
INSERT INTO "messages" VALUES(92,1,4,91,'aha very fast that way round','2010-03-10 14:34:02','2010-03-10 14:34:02');
INSERT INTO "messages" VALUES(93,4,1,92,'Apologies if this comes out sounding horrible, but this is a wiki full of weird and fun things. http://scp-wiki.wikidot.com','2010-03-10 14:47:27','2010-03-10 14:47:27');
INSERT INTO "messages" VALUES(94,1,2,NULL,'Hello AI, from the other side of the fence...','2010-03-10 14:48:11','2010-03-10 14:48:11');
CREATE UNIQUE INDEX "unique_schema_migrations" ON "schema_migrations" ("version");
CREATE INDEX "index_users_on_oauth_token" ON "users" ("oauth_token");
COMMIT;
